{"cameraMode":{"drawMode":0,"name":"Shaded","section":"Shading Mode"},"sceneLighting":true,"audioPlay":false,"sceneViewState":{"showFog":true,"showMaterialUpdate":false,"showSkybox":false,"showFlares":true,"showImageEffects":true,"showParticleSystems":true},"in2DMode":false,"pivot":{"x":-0.5532369613647461,"y":0.0,"z":-2.234365224838257},"rotation":{"x":0.36159297823905947,"y":-0.07957367599010468,"z":0.03099173866212368,"w":0.9284173250198364},"size":8.065958023071289,"orthographic":false}