{"cameraMode":{"drawMode":0,"name":"Shaded","section":"Shading Mode"},"sceneLighting":false,"audioPlay":false,"sceneViewState":{"showFog":true,"showMaterialUpdate":false,"showSkybox":false,"showFlares":true,"showImageEffects":true,"showParticleSystems":true},"in2DMode":false,"pivot":{"x":-0.010001957416534424,"y":0.0850844532251358,"z":-0.47445863485336306},"rotation":{"x":0.19662615656852723,"y":0.5633886456489563,"z":-0.14019668102264405,"w":0.7901186347007752},"size":2.3266842365264894,"orthographic":false}