{"cameraMode":{"drawMode":0,"name":"Shaded","section":"Shading Mode"},"sceneLighting":false,"audioPlay":false,"sceneViewState":{"showFog":true,"showMaterialUpdate":false,"showSkybox":false,"showFlares":true,"showImageEffects":true,"showParticleSystems":true},"in2DMode":false,"pivot":{"x":-1.7827636003494263,"y":2.2497410774230959,"z":3.459390878677368},"rotation":{"x":0.36159297823905947,"y":-0.07957367599010468,"z":0.03099173866212368,"w":0.9284173250198364},"size":0.253667414188385,"orthographic":false}